"Day","month","member_casual","rideable_type","mean_count","Year"
"Sun","January","casual","classic_bike",271,2021
"Sun","January","casual","docked_bike",70,2021
"Sun","January","casual","electric_bike",231,2021
"Sun","January","member","classic_bike",1198,2021
"Sun","January","member","electric_bike",577,2021
"Mon","January","casual","classic_bike",234,2021
"Mon","January","casual","docked_bike",50,2021
"Mon","January","casual","electric_bike",238,2021
"Mon","January","member","classic_bike",1908,2021
"Mon","January","member","electric_bike",876,2021
"Tue","January","casual","classic_bike",207,2021
"Tue","January","casual","docked_bike",49,2021
"Tue","January","casual","electric_bike",214,2021
"Tue","January","member","classic_bike",1831,2021
"Tue","January","member","electric_bike",811,2021
"Wed","January","casual","classic_bike",232,2021
"Wed","January","casual","docked_bike",58,2021
"Wed","January","casual","electric_bike",233,2021
"Wed","January","member","classic_bike",1920,2021
"Wed","January","member","docked_bike",1,2021
"Wed","January","member","electric_bike",881,2021
"Thu","January","casual","classic_bike",264,2021
"Thu","January","casual","docked_bike",59,2021
"Thu","January","casual","electric_bike",264,2021
"Thu","January","member","classic_bike",2044,2021
"Thu","January","member","electric_bike",948,2021
"Fri","January","casual","classic_bike",240,2021
"Fri","January","casual","docked_bike",64,2021
"Fri","January","casual","electric_bike",264,2021
"Fri","January","member","classic_bike",1681,2021
"Fri","January","member","electric_bike",848,2021
"Sat","January","casual","classic_bike",391,2021
"Sat","January","casual","docked_bike",114,2021
"Sat","January","casual","electric_bike",295,2021
"Sat","January","member","classic_bike",1646,2021
"Sat","January","member","electric_bike",818,2021
"Sun","February","casual","classic_bike",196,2021
"Sun","February","casual","docked_bike",50,2021
"Sun","February","casual","electric_bike",101,2021
"Sun","February","member","classic_bike",771,2021
"Sun","February","member","electric_bike",226,2021
"Mon","February","casual","classic_bike",78,2021
"Mon","February","casual","docked_bike",8,2021
"Mon","February","casual","electric_bike",60,2021
"Mon","February","member","classic_bike",776,2021
"Mon","February","member","electric_bike",226,2021
"Tue","February","casual","classic_bike",150,2021
"Tue","February","casual","docked_bike",21,2021
"Tue","February","casual","electric_bike",81,2021
"Tue","February","member","classic_bike",1078,2021
"Tue","February","member","electric_bike",354,2021
"Wed","February","casual","classic_bike",156,2021
"Wed","February","casual","docked_bike",23,2021
"Wed","February","casual","electric_bike",102,2021
"Wed","February","member","classic_bike",1222,2021
"Wed","February","member","electric_bike",432,2021
"Thu","February","casual","classic_bike",140,2021
"Thu","February","casual","docked_bike",19,2021
"Thu","February","casual","electric_bike",101,2021
"Thu","February","member","classic_bike",1086,2021
"Thu","February","member","electric_bike",421,2021
"Fri","February","casual","classic_bike",199,2021
"Fri","February","casual","docked_bike",44,2021
"Fri","February","casual","electric_bike",131,2021
"Fri","February","member","classic_bike",1194,2021
"Fri","February","member","electric_bike",454,2021
"Sat","February","casual","classic_bike",504,2021
"Sat","February","casual","docked_bike",152,2021
"Sat","February","casual","electric_bike",215,2021
"Sat","February","member","classic_bike",1202,2021
"Sat","February","member","electric_bike",430,2021
"Sun","March","casual","classic_bike",2436,2021
"Sun","March","casual","docked_bike",923,2021
"Sun","March","casual","electric_bike",976,2021
"Sun","March","member","classic_bike",3476,2021
"Sun","March","member","electric_bike",1095,2021
"Mon","March","casual","classic_bike",1274,2021
"Mon","March","casual","docked_bike",474,2021
"Mon","March","casual","electric_bike",651,2021
"Mon","March","member","classic_bike",3433,2021
"Mon","March","member","electric_bike",1134,2021
"Tue","March","casual","classic_bike",1115,2021
"Tue","March","casual","docked_bike",367,2021
"Tue","March","casual","electric_bike",610,2021
"Tue","March","member","classic_bike",3458,2021
"Tue","March","member","electric_bike",1249,2021
"Wed","March","casual","classic_bike",908,2021
"Wed","March","casual","docked_bike",261,2021
"Wed","March","casual","electric_bike",608,2021
"Wed","March","member","classic_bike",3303,2021
"Wed","March","member","electric_bike",1254,2021
"Thu","March","casual","classic_bike",744,2021
"Thu","March","casual","docked_bike",183,2021
"Thu","March","casual","electric_bike",444,2021
"Thu","March","member","classic_bike",2924,2021
"Thu","March","member","electric_bike",1070,2021
"Fri","March","casual","classic_bike",1036,2021
"Fri","March","casual","docked_bike",272,2021
"Fri","March","casual","electric_bike",636,2021
"Fri","March","member","classic_bike",3279,2021
"Fri","March","member","electric_bike",1191,2021
"Sat","March","casual","classic_bike",3045,2021
"Sat","March","casual","docked_bike",1158,2021
"Sat","March","casual","electric_bike",1319,2021
"Sat","March","member","classic_bike",4331,2021
"Sat","March","member","electric_bike",1460,2021
"Sun","April","casual","classic_bike",3352,2021
"Sun","April","casual","docked_bike",1363,2021
"Sun","April","casual","electric_bike",1584,2021
"Sun","April","member","classic_bike",4679,2021
"Sun","April","member","electric_bike",1610,2021
"Mon","April","casual","classic_bike",2081,2021
"Mon","April","casual","docked_bike",703,2021
"Mon","April","casual","electric_bike",1224,2021
"Mon","April","member","classic_bike",5074,2021
"Mon","April","member","electric_bike",1859,2021
"Tue","April","casual","classic_bike",2657,2021
"Tue","April","casual","docked_bike",913,2021
"Tue","April","casual","electric_bike",1524,2021
"Tue","April","member","classic_bike",5826,2021
"Tue","April","member","electric_bike",2136,2021
"Wed","April","casual","classic_bike",1520,2021
"Wed","April","casual","docked_bike",481,2021
"Wed","April","casual","electric_bike",998,2021
"Wed","April","member","classic_bike",4485,2021
"Wed","April","member","electric_bike",1853,2021
"Thu","April","casual","classic_bike",1198,2021
"Thu","April","casual","docked_bike",306,2021
"Thu","April","casual","electric_bike",966,2021
"Thu","April","member","classic_bike",3839,2021
"Thu","April","member","electric_bike",1778,2021
"Fri","April","casual","classic_bike",2302,2021
"Fri","April","casual","docked_bike",735,2021
"Fri","April","casual","electric_bike",1549,2021
"Fri","April","member","classic_bike",5030,2021
"Fri","April","member","electric_bike",2129,2021
"Sat","April","casual","classic_bike",3709,2021
"Sat","April","casual","docked_bike",1417,2021
"Sat","April","casual","electric_bike",1806,2021
"Sat","April","member","classic_bike",4812,2021
"Sat","April","member","electric_bike",1852,2021
"Sun","May","casual","classic_bike",6302,2021
"Sun","May","casual","docked_bike",2443,2021
"Sun","May","casual","electric_bike",3686,2021
"Sun","May","member","classic_bike",5885,2021
"Sun","May","member","electric_bike",2536,2021
"Mon","May","casual","classic_bike",3194,2021
"Mon","May","casual","docked_bike",1221,2021
"Mon","May","casual","electric_bike",2469,2021
"Mon","May","member","classic_bike",5684,2021
"Mon","May","member","electric_bike",2632,2021
"Tue","May","casual","classic_bike",2059,2021
"Tue","May","casual","docked_bike",613,2021
"Tue","May","casual","electric_bike",1976,2021
"Tue","May","member","classic_bike",5548,2021
"Tue","May","member","electric_bike",2806,2021
"Wed","May","casual","classic_bike",2702,2021
"Wed","May","casual","docked_bike",716,2021
"Wed","May","casual","electric_bike",2372,2021
"Wed","May","member","classic_bike",6586,2021
"Wed","May","member","electric_bike",3272,2021
"Thu","May","casual","classic_bike",2554,2021
"Thu","May","casual","docked_bike",764,2021
"Thu","May","casual","electric_bike",2394,2021
"Thu","May","member","classic_bike",5874,2021
"Thu","May","member","electric_bike",3050,2021
"Fri","May","casual","classic_bike",3386,2021
"Fri","May","casual","docked_bike",1176,2021
"Fri","May","casual","electric_bike",3045,2021
"Fri","May","member","classic_bike",5788,2021
"Fri","May","member","electric_bike",3160,2021
"Sat","May","casual","classic_bike",6732,2021
"Sat","May","casual","docked_bike",2391,2021
"Sat","May","casual","electric_bike",3938,2021
"Sat","May","member","classic_bike",6422,2021
"Sat","May","member","electric_bike",2917,2021
"Sun","June","casual","classic_bike",9502,2021
"Sun","June","casual","docked_bike",2742,2021
"Sun","June","casual","electric_bike",4988,2021
"Sun","June","member","classic_bike",8010,2021
"Sun","June","member","electric_bike",3197,2021
"Mon","June","casual","classic_bike",4148,2021
"Mon","June","casual","docked_bike",1159,2021
"Mon","June","casual","electric_bike",3462,2021
"Mon","June","member","classic_bike",7540,2021
"Mon","June","member","electric_bike",3426,2021
"Tue","June","casual","classic_bike",4547,2021
"Tue","June","casual","docked_bike",1275,2021
"Tue","June","casual","electric_bike",3793,2021
"Tue","June","member","classic_bike",8454,2021
"Tue","June","member","electric_bike",3856,2021
"Wed","June","casual","classic_bike",4736,2021
"Wed","June","casual","docked_bike",1181,2021
"Wed","June","casual","electric_bike",3818,2021
"Wed","June","member","classic_bike",8934,2021
"Wed","June","member","electric_bike",4037,2021
"Thu","June","casual","classic_bike",4950,2021
"Thu","June","casual","docked_bike",1284,2021
"Thu","June","casual","electric_bike",4121,2021
"Thu","June","member","classic_bike",8340,2021
"Thu","June","member","electric_bike",4003,2021
"Fri","June","casual","classic_bike",6529,2021
"Fri","June","casual","docked_bike",1865,2021
"Fri","June","casual","electric_bike",4800,2021
"Fri","June","member","classic_bike",8030,2021
"Fri","June","member","electric_bike",3937,2021
"Sat","June","casual","classic_bike",10328,2021
"Sat","June","casual","docked_bike",2810,2021
"Sat","June","casual","electric_bike",5795,2021
"Sat","June","member","classic_bike",8039,2021
"Sat","June","member","electric_bike",3606,2021
"Sun","July","casual","classic_bike",9966,2021
"Sun","July","casual","docked_bike",2618,2021
"Sun","July","casual","electric_bike",4853,2021
"Sun","July","member","classic_bike",7090,2021
"Sun","July","member","electric_bike",2847,2021
"Mon","July","casual","classic_bike",6349,2021
"Mon","July","casual","docked_bike",1774,2021
"Mon","July","casual","electric_bike",3956,2021
"Mon","July","member","classic_bike",8199,2021
"Mon","July","member","electric_bike",3426,2021
"Tue","July","casual","classic_bike",5746,2021
"Tue","July","casual","docked_bike",1299,2021
"Tue","July","casual","electric_bike",4306,2021
"Tue","July","member","classic_bike",9036,2021
"Tue","July","member","electric_bike",4060,2021
"Wed","July","casual","classic_bike",6020,2021
"Wed","July","casual","docked_bike",1331,2021
"Wed","July","casual","electric_bike",4288,2021
"Wed","July","member","classic_bike",9338,2021
"Wed","July","member","electric_bike",4047,2021
"Thu","July","casual","classic_bike",6195,2021
"Thu","July","casual","docked_bike",1213,2021
"Thu","July","casual","electric_bike",3961,2021
"Thu","July","member","classic_bike",9064,2021
"Thu","July","member","electric_bike",3822,2021
"Fri","July","casual","classic_bike",7588,2021
"Fri","July","casual","docked_bike",1733,2021
"Fri","July","casual","electric_bike",5073,2021
"Fri","July","member","classic_bike",8648,2021
"Fri","July","member","electric_bike",4196,2021
"Sat","July","casual","classic_bike",12051,2021
"Sat","July","casual","docked_bike",2977,2021
"Sat","July","casual","electric_bike",5617,2021
"Sat","July","member","classic_bike",8441,2021
"Sat","July","member","electric_bike",3466,2021
"Sun","August","casual","classic_bike",10180,2021
"Sun","August","casual","docked_bike",2098,2021
"Sun","August","casual","electric_bike",4989,2021
"Sun","August","member","classic_bike",8073,2021
"Sun","August","member","electric_bike",3212,2021
"Mon","August","casual","classic_bike",5038,2021
"Mon","August","casual","docked_bike",1075,2021
"Mon","August","casual","electric_bike",3853,2021
"Mon","August","member","classic_bike",8300,2021
"Mon","August","member","electric_bike",3736,2021
"Tue","August","casual","classic_bike",4697,2021
"Tue","August","casual","docked_bike",921,2021
"Tue","August","casual","electric_bike",3844,2021
"Tue","August","member","classic_bike",8653,2021
"Tue","August","member","electric_bike",4070,2021
"Wed","August","casual","classic_bike",5252,2021
"Wed","August","casual","docked_bike",964,2021
"Wed","August","casual","electric_bike",3791,2021
"Wed","August","member","classic_bike",9022,2021
"Wed","August","member","electric_bike",4034,2021
"Thu","August","casual","classic_bike",6330,2021
"Thu","August","casual","docked_bike",1154,2021
"Thu","August","casual","electric_bike",4262,2021
"Thu","August","member","classic_bike",9588,2021
"Thu","August","member","electric_bike",4084,2021
"Fri","August","casual","classic_bike",8082,2021
"Fri","August","casual","docked_bike",1575,2021
"Fri","August","casual","electric_bike",4964,2021
"Fri","August","member","classic_bike",9101,2021
"Fri","August","member","electric_bike",4200,2021
"Sat","August","casual","classic_bike",12938,2021
"Sat","August","casual","docked_bike",2456,2021
"Sat","August","casual","electric_bike",5530,2021
"Sat","August","member","classic_bike",9269,2021
"Sat","August","member","electric_bike",3570,2021
"Sun","September","casual","classic_bike",9777,2021
"Sun","September","casual","docked_bike",2050,2021
"Sun","September","casual","electric_bike",5339,2021
"Sun","September","member","classic_bike",8053,2021
"Sun","September","member","electric_bike",3608,2021
"Mon","September","casual","classic_bike",5558,2021
"Mon","September","casual","docked_bike",1113,2021
"Mon","September","casual","electric_bike",4191,2021
"Mon","September","member","classic_bike",8220,2021
"Mon","September","member","electric_bike",4076,2021
"Tue","September","casual","classic_bike",3784,2021
"Tue","September","casual","docked_bike",582,2021
"Tue","September","casual","electric_bike",3590,2021
"Tue","September","member","classic_bike",8600,2021
"Tue","September","member","electric_bike",4400,2021
"Wed","September","casual","classic_bike",4748,2021
"Wed","September","casual","docked_bike",626,2021
"Wed","September","casual","electric_bike",3644,2021
"Wed","September","member","classic_bike",9775,2021
"Wed","September","member","electric_bike",4236,2021
"Thu","September","casual","classic_bike",5250,2021
"Thu","September","casual","docked_bike",729,2021
"Thu","September","casual","electric_bike",4148,2021
"Thu","September","member","classic_bike",9759,2021
"Thu","September","member","electric_bike",4546,2021
"Fri","September","casual","classic_bike",6580,2021
"Fri","September","casual","docked_bike",1175,2021
"Fri","September","casual","electric_bike",4720,2021
"Fri","September","member","classic_bike",8849,2021
"Fri","September","member","electric_bike",4412,2021
"Sat","September","casual","classic_bike",10672,2021
"Sat","September","casual","docked_bike",2220,2021
"Sat","September","casual","electric_bike",5692,2021
"Sat","September","member","classic_bike",8566,2021
"Sat","September","member","electric_bike",3887,2021
"Sun","October","casual","classic_bike",4859,2021
"Sun","October","casual","docked_bike",1192,2021
"Sun","October","casual","electric_bike",4477,2021
"Sun","October","member","classic_bike",5643,2021
"Sun","October","member","electric_bike",3984,2021
"Mon","October","casual","classic_bike",2045,2021
"Mon","October","casual","docked_bike",473,2021
"Mon","October","casual","electric_bike",2995,2021
"Mon","October","member","classic_bike",5946,2021
"Mon","October","member","electric_bike",4470,2021
"Tue","October","casual","classic_bike",2458,2021
"Tue","October","casual","docked_bike",450,2021
"Tue","October","casual","electric_bike",3863,2021
"Tue","October","member","classic_bike",8179,2021
"Tue","October","member","electric_bike",6212,2021
"Wed","October","casual","classic_bike",2368,2021
"Wed","October","casual","docked_bike",412,2021
"Wed","October","casual","electric_bike",3935,2021
"Wed","October","member","classic_bike",8040,2021
"Wed","October","member","electric_bike",6392,2021
"Thu","October","casual","classic_bike",1950,2021
"Thu","October","casual","docked_bike",296,2021
"Thu","October","casual","electric_bike",3336,2021
"Thu","October","member","classic_bike",6243,2021
"Thu","October","member","electric_bike",5537,2021
"Fri","October","casual","classic_bike",3138,2021
"Fri","October","casual","docked_bike",651,2021
"Fri","October","casual","electric_bike",4117,2021
"Fri","October","member","classic_bike",6593,2021
"Fri","October","member","electric_bike",5367,2021
"Sat","October","casual","classic_bike",6064,2021
"Sat","October","casual","docked_bike",1429,2021
"Sat","October","casual","electric_bike",5856,2021
"Sat","October","member","classic_bike",7148,2021
"Sat","October","member","electric_bike",5247,2021
"Sun","November","casual","classic_bike",1484,2021
"Sun","November","casual","docked_bike",412,2021
"Sun","November","casual","electric_bike",2466,2021
"Sun","November","member","classic_bike",3285,2021
"Sun","November","member","electric_bike",3354,2021
"Mon","November","casual","classic_bike",848,2021
"Mon","November","casual","docked_bike",189,2021
"Mon","November","casual","electric_bike",1922,2021
"Mon","November","member","classic_bike",4453,2021
"Mon","November","member","electric_bike",4558,2021
"Tue","November","casual","classic_bike",851,2021
"Tue","November","casual","docked_bike",164,2021
"Tue","November","casual","electric_bike",2212,2021
"Tue","November","member","classic_bike",5012,2021
"Tue","November","member","electric_bike",5220,2021
"Wed","November","casual","classic_bike",959,2021
"Wed","November","casual","docked_bike",177,2021
"Wed","November","casual","electric_bike",2312,2021
"Wed","November","member","classic_bike",4765,2021
"Wed","November","member","electric_bike",5075,2021
"Thu","November","casual","classic_bike",762,2021
"Thu","November","casual","docked_bike",162,2021
"Thu","November","casual","electric_bike",1875,2021
"Thu","November","member","classic_bike",3634,2021
"Thu","November","member","electric_bike",4228,2021
"Fri","November","casual","classic_bike",936,2021
"Fri","November","casual","docked_bike",213,2021
"Fri","November","casual","electric_bike",2101,2021
"Fri","November","member","classic_bike",3484,2021
"Fri","November","member","electric_bike",4043,2021
"Sat","November","casual","classic_bike",1703,2021
"Sat","November","casual","docked_bike",498,2021
"Sat","November","casual","electric_bike",2940,2021
"Sat","November","member","classic_bike",3543,2021
"Sat","November","member","electric_bike",3796,2021
"Sun","December","casual","classic_bike",655,2021
"Sun","December","casual","docked_bike",197,2021
"Sun","December","casual","electric_bike",1258,2021
"Sun","December","member","classic_bike",1768,2021
"Sun","December","member","electric_bike",2081,2021
"Mon","December","casual","classic_bike",541,2021
"Mon","December","casual","docked_bike",133,2021
"Mon","December","casual","electric_bike",1260,2021
"Mon","December","member","classic_bike",2649,2021
"Mon","December","member","electric_bike",2972,2021
"Tue","December","casual","classic_bike",410,2021
"Tue","December","casual","docked_bike",70,2021
"Tue","December","casual","electric_bike",1080,2021
"Tue","December","member","classic_bike",2591,2021
"Tue","December","member","electric_bike",2946,2021
"Wed","December","casual","classic_bike",573,2021
"Wed","December","casual","docked_bike",128,2021
"Wed","December","casual","electric_bike",1440,2021
"Wed","December","member","classic_bike",3093,2021
"Wed","December","member","electric_bike",3715,2021
"Thu","December","casual","classic_bike",683,2021
"Thu","December","casual","docked_bike",151,2021
"Thu","December","casual","electric_bike",1683,2021
"Thu","December","member","classic_bike",3153,2021
"Thu","December","member","electric_bike",3883,2021
"Fri","December","casual","classic_bike",724,2021
"Fri","December","casual","docked_bike",180,2021
"Fri","December","casual","electric_bike",1687,2021
"Fri","December","member","classic_bike",2622,2021
"Fri","December","member","electric_bike",3275,2021
"Sat","December","casual","classic_bike",870,2021
"Sat","December","casual","docked_bike",259,2021
"Sat","December","casual","electric_bike",1642,2021
"Sat","December","member","classic_bike",2114,2021
"Sat","December","member","electric_bike",2654,2021
"Sun","January","casual","classic_bike",190,2022
"Sun","January","casual","docked_bike",32,2022
"Sun","January","casual","electric_bike",281,2022
"Sun","January","member","classic_bike",972,2022
"Sun","January","member","electric_bike",826,2022
"Mon","January","casual","classic_bike",173,2022
"Mon","January","casual","docked_bike",19,2022
"Mon","January","casual","electric_bike",293,2022
"Mon","January","member","classic_bike",1483,2022
"Mon","January","member","electric_bike",1192,2022
"Tue","January","casual","classic_bike",206,2022
"Tue","January","casual","docked_bike",24,2022
"Tue","January","casual","electric_bike",368,2022
"Tue","January","member","classic_bike",1912,2022
"Tue","January","member","electric_bike",1526,2022
"Wed","January","casual","classic_bike",220,2022
"Wed","January","casual","docked_bike",31,2022
"Wed","January","casual","electric_bike",346,2022
"Wed","January","member","classic_bike",1893,2022
"Wed","January","member","electric_bike",1303,2022
"Thu","January","casual","classic_bike",234,2022
"Thu","January","casual","docked_bike",27,2022
"Thu","January","casual","electric_bike",376,2022
"Thu","January","member","classic_bike",2009,2022
"Thu","January","member","electric_bike",1494,2022
"Fri","January","casual","classic_bike",242,2022
"Fri","January","casual","docked_bike",28,2022
"Fri","January","casual","electric_bike",345,2022
"Fri","January","member","classic_bike",1655,2022
"Fri","January","member","electric_bike",1183,2022
"Sat","January","casual","classic_bike",312,2022
"Sat","January","casual","docked_bike",52,2022
"Sat","January","casual","electric_bike",394,2022
"Sat","January","member","classic_bike",1188,2022
"Sat","January","member","electric_bike",1008,2022
"Sun","February","casual","classic_bike",431,2022
"Sun","February","casual","docked_bike",100,2022
"Sun","February","casual","electric_bike",520,2022
"Sun","February","member","classic_bike",1595,2022
"Sun","February","member","electric_bike",1326,2022
"Mon","February","casual","classic_bike",428,2022
"Mon","February","casual","docked_bike",72,2022
"Mon","February","casual","electric_bike",602,2022
"Mon","February","member","classic_bike",2596,2022
"Mon","February","member","electric_bike",1998,2022
"Tue","February","casual","classic_bike",247,2022
"Tue","February","casual","docked_bike",38,2022
"Tue","February","casual","electric_bike",411,2022
"Tue","February","member","classic_bike",2236,2022
"Tue","February","member","electric_bike",1829,2022
"Wed","February","casual","classic_bike",236,2022
"Wed","February","casual","docked_bike",28,2022
"Wed","February","casual","electric_bike",392,2022
"Wed","February","member","classic_bike",1982,2022
"Wed","February","member","electric_bike",1670,2022
"Thu","February","casual","classic_bike",172,2022
"Thu","February","casual","docked_bike",17,2022
"Thu","February","casual","electric_bike",280,2022
"Thu","February","member","classic_bike",1547,2022
"Thu","February","member","electric_bike",1362,2022
"Fri","February","casual","classic_bike",248,2022
"Fri","February","casual","docked_bike",33,2022
"Fri","February","casual","electric_bike",394,2022
"Fri","February","member","classic_bike",1577,2022
"Fri","February","member","electric_bike",1413,2022
"Sat","February","casual","classic_bike",266,2022
"Sat","February","casual","docked_bike",52,2022
"Sat","February","casual","electric_bike",388,2022
"Sat","February","member","classic_bike",1294,2022
"Sat","February","member","electric_bike",1123,2022
"Sun","March","casual","classic_bike",1674,2022
"Sun","March","casual","docked_bike",492,2022
"Sun","March","casual","electric_bike",1978,2022
"Sun","March","member","classic_bike",2850,2022
"Sun","March","member","electric_bike",2667,2022
"Mon","March","casual","classic_bike",1421,2022
"Mon","March","casual","docked_bike",392,2022
"Mon","March","casual","electric_bike",1799,2022
"Mon","March","member","classic_bike",3872,2022
"Mon","March","member","electric_bike",3490,2022
"Tue","March","casual","classic_bike",685,2022
"Tue","March","casual","docked_bike",149,2022
"Tue","March","casual","electric_bike",1196,2022
"Tue","March","member","classic_bike",3515,2022
"Tue","March","member","electric_bike",3366,2022
"Wed","March","casual","classic_bike",1110,2022
"Wed","March","casual","docked_bike",241,2022
"Wed","March","casual","electric_bike",1557,2022
"Wed","March","member","classic_bike",3749,2022
"Wed","March","member","electric_bike",3442,2022
"Thu","March","casual","classic_bike",872,2022
"Thu","March","casual","docked_bike",179,2022
"Thu","March","casual","electric_bike",1354,2022
"Thu","March","member","classic_bike",3175,2022
"Thu","March","member","electric_bike",3253,2022
"Fri","March","casual","classic_bike",596,2022
"Fri","March","casual","docked_bike",134,2022
"Fri","March","casual","electric_bike",1059,2022
"Fri","March","member","classic_bike",2416,2022
"Fri","March","member","electric_bike",2707,2022
"Sat","March","casual","classic_bike",1821,2022
"Sat","March","casual","docked_bike",360,2022
"Sat","March","casual","electric_bike",1565,2022
"Sat","March","member","classic_bike",2576,2022
"Sat","March","member","electric_bike",2336,2022
"Sun","April","casual","classic_bike",1938,2022
"Sun","April","casual","docked_bike",551,2022
"Sun","April","casual","electric_bike",2358,2022
"Sun","April","member","classic_bike",3179,2022
"Sun","April","member","electric_bike",3186,2022
"Mon","April","casual","classic_bike",1002,2022
"Mon","April","casual","docked_bike",248,2022
"Mon","April","casual","electric_bike",1766,2022
"Mon","April","member","classic_bike",4199,2022
"Mon","April","member","electric_bike",4284,2022
"Tue","April","casual","classic_bike",1272,2022
"Tue","April","casual","docked_bike",273,2022
"Tue","April","casual","electric_bike",2092,2022
"Tue","April","member","classic_bike",5056,2022
"Tue","April","member","electric_bike",5052,2022
"Wed","April","casual","classic_bike",799,2022
"Wed","April","casual","docked_bike",172,2022
"Wed","April","casual","electric_bike",1644,2022
"Wed","April","member","classic_bike",3860,2022
"Wed","April","member","electric_bike",4237,2022
"Thu","April","casual","classic_bike",1425,2022
"Thu","April","casual","docked_bike",348,2022
"Thu","April","casual","electric_bike",2422,2022
"Thu","April","member","classic_bike",4565,2022
"Thu","April","member","electric_bike",5084,2022
"Fri","April","casual","classic_bike",1129,2022
"Fri","April","casual","docked_bike",288,2022
"Fri","April","casual","electric_bike",1953,2022
"Fri","April","member","classic_bike",3244,2022
"Fri","April","member","electric_bike",3949,2022
"Sat","April","casual","classic_bike",3231,2022
"Sat","April","casual","docked_bike",862,2022
"Sat","April","casual","electric_bike",3173,2022
"Sat","April","member","classic_bike",3903,2022
"Sat","April","member","electric_bike",3711,2022
"Sun","May","casual","classic_bike",5226,2022
"Sun","May","casual","docked_bike",1227,2022
"Sun","May","casual","electric_bike",4611,2022
"Sun","May","member","classic_bike",5476,2022
"Sun","May","member","electric_bike",4279,2022
"Mon","May","casual","classic_bike",4277,2022
"Mon","May","casual","docked_bike",978,2022
"Mon","May","casual","electric_bike",4239,2022
"Mon","May","member","classic_bike",7035,2022
"Mon","May","member","electric_bike",5377,2022
"Tue","May","casual","classic_bike",2986,2022
"Tue","May","casual","docked_bike",585,2022
"Tue","May","casual","electric_bike",3443,2022
"Tue","May","member","classic_bike",6733,2022
"Tue","May","member","electric_bike",5175,2022
"Wed","May","casual","classic_bike",2323,2022
"Wed","May","casual","docked_bike",422,2022
"Wed","May","casual","electric_bike",3272,2022
"Wed","May","member","classic_bike",6044,2022
"Wed","May","member","electric_bike",5230,2022
"Thu","May","casual","classic_bike",3610,2022
"Thu","May","casual","docked_bike",641,2022
"Thu","May","casual","electric_bike",4099,2022
"Thu","May","member","classic_bike",7103,2022
"Thu","May","member","electric_bike",5813,2022
"Fri","May","casual","classic_bike",3534,2022
"Fri","May","casual","docked_bike",625,2022
"Fri","May","casual","electric_bike",3900,2022
"Fri","May","member","classic_bike",5788,2022
"Fri","May","member","electric_bike",4790,2022
"Sat","May","casual","classic_bike",6441,2022
"Sat","May","casual","docked_bike",1427,2022
"Sat","May","casual","electric_bike",5346,2022
"Sat","May","member","classic_bike",6503,2022
"Sat","May","member","electric_bike",4746,2022
"Sun","June","casual","classic_bike",7806,2022
"Sun","June","casual","docked_bike",1670,2022
"Sun","June","casual","electric_bike",6986,2022
"Sun","June","member","classic_bike",7328,2022
"Sun","June","member","electric_bike",4937,2022
"Mon","June","casual","classic_bike",4136,2022
"Mon","June","casual","docked_bike",795,2022
"Mon","June","casual","electric_bike",4320,2022
"Mon","June","member","classic_bike",6964,2022
"Mon","June","member","electric_bike",4734,2022
"Tue","June","casual","classic_bike",4480,2022
"Tue","June","casual","docked_bike",718,2022
"Tue","June","casual","electric_bike",4508,2022
"Tue","June","member","classic_bike",8290,2022
"Tue","June","member","electric_bike",5456,2022
"Wed","June","casual","classic_bike",4337,2022
"Wed","June","casual","docked_bike",676,2022
"Wed","June","casual","electric_bike",4664,2022
"Wed","June","member","classic_bike",8188,2022
"Wed","June","member","electric_bike",5571,2022
"Thu","June","casual","classic_bike",5132,2022
"Thu","June","casual","docked_bike",841,2022
"Thu","June","casual","electric_bike",5623,2022
"Thu","June","member","classic_bike",8522,2022
"Thu","June","member","electric_bike",6178,2022
"Fri","June","casual","classic_bike",6450,2022
"Fri","June","casual","docked_bike",1076,2022
"Fri","June","casual","electric_bike",6441,2022
"Fri","June","member","classic_bike",8442,2022
"Fri","June","member","electric_bike",5889,2022
"Sat","June","casual","classic_bike",7790,2022
"Sat","June","casual","docked_bike",1504,2022
"Sat","June","casual","electric_bike",6990,2022
"Sat","June","member","classic_bike",7254,2022
"Sat","June","member","electric_bike",5170,2022
"Sun","July","casual","classic_bike",6329,2022
"Sun","July","casual","docked_bike",1398,2022
"Sun","July","casual","electric_bike",7923,2022
"Sun","July","member","classic_bike",6257,2022
"Sun","July","member","electric_bike",5499,2022
"Mon","July","casual","classic_bike",4080,2022
"Mon","July","casual","docked_bike",929,2022
"Mon","July","casual","electric_bike",5984,2022
"Mon","July","member","classic_bike",6629,2022
"Mon","July","member","electric_bike",5834,2022
"Tue","July","casual","classic_bike",3797,2022
"Tue","July","casual","docked_bike",714,2022
"Tue","July","casual","electric_bike",5852,2022
"Tue","July","member","classic_bike",7564,2022
"Tue","July","member","electric_bike",6817,2022
"Wed","July","casual","classic_bike",3888,2022
"Wed","July","casual","docked_bike",707,2022
"Wed","July","casual","electric_bike",6117,2022
"Wed","July","member","classic_bike",7708,2022
"Wed","July","member","electric_bike",7195,2022
"Thu","July","casual","classic_bike",4347,2022
"Thu","July","casual","docked_bike",718,2022
"Thu","July","casual","electric_bike",6884,2022
"Thu","July","member","classic_bike",7704,2022
"Thu","July","member","electric_bike",7584,2022
"Fri","July","casual","classic_bike",3983,2022
"Fri","July","casual","docked_bike",739,2022
"Fri","July","casual","electric_bike",6579,2022
"Fri","July","member","classic_bike",6125,2022
"Fri","July","member","electric_bike",6204,2022
"Sat","July","casual","classic_bike",8017,2022
"Sat","July","casual","docked_bike",1620,2022
"Sat","July","casual","electric_bike",9409,2022
"Sat","July","member","classic_bike",7349,2022
"Sat","July","member","electric_bike",6425,2022
"Sun","August","casual","classic_bike",4465,2022
"Sun","August","casual","docked_bike",1003,2022
"Sun","August","casual","electric_bike",6571,2022
"Sun","August","member","classic_bike",5414,2022
"Sun","August","member","electric_bike",5330,2022
"Mon","August","casual","classic_bike",2908,2022
"Mon","August","casual","docked_bike",605,2022
"Mon","August","casual","electric_bike",4959,2022
"Mon","August","member","classic_bike",6487,2022
"Mon","August","member","electric_bike",6033,2022
"Tue","August","casual","classic_bike",3542,2022
"Tue","August","casual","docked_bike",731,2022
"Tue","August","casual","electric_bike",6029,2022
"Tue","August","member","classic_bike",7845,2022
"Tue","August","member","electric_bike",7498,2022
"Wed","August","casual","classic_bike",3533,2022
"Wed","August","casual","docked_bike",662,2022
"Wed","August","casual","electric_bike",6103,2022
"Wed","August","member","classic_bike",7627,2022
"Wed","August","member","electric_bike",7696,2022
"Thu","August","casual","classic_bike",3680,2022
"Thu","August","casual","docked_bike",665,2022
"Thu","August","casual","electric_bike",6243,2022
"Thu","August","member","classic_bike",7210,2022
"Thu","August","member","electric_bike",7168,2022
"Fri","August","casual","classic_bike",5080,2022
"Fri","August","casual","docked_bike",1084,2022
"Fri","August","casual","electric_bike",8054,2022
"Fri","August","member","classic_bike",7259,2022
"Fri","August","member","electric_bike",7416,2022
"Sat","August","casual","classic_bike",6455,2022
"Sat","August","casual","docked_bike",1332,2022
"Sat","August","casual","electric_bike",8761,2022
"Sat","August","member","classic_bike",6522,2022
"Sat","August","member","electric_bike",6450,2022
"Sun","September","casual","classic_bike",3547,2022
"Sun","September","casual","docked_bike",731,2022
"Sun","September","casual","electric_bike",4786,2022
"Sun","September","member","classic_bike",4595,2022
"Sun","September","member","electric_bike",4340,2022
"Mon","September","casual","classic_bike",2690,2022
"Mon","September","casual","docked_bike",616,2022
"Mon","September","casual","electric_bike",4457,2022
"Mon","September","member","classic_bike",6157,2022
"Mon","September","member","electric_bike",5698,2022
"Tue","September","casual","classic_bike",2414,2022
"Tue","September","casual","docked_bike",426,2022
"Tue","September","casual","electric_bike",4557,2022
"Tue","September","member","classic_bike",7245,2022
"Tue","September","member","electric_bike",7014,2022
"Wed","September","casual","classic_bike",2781,2022
"Wed","September","casual","docked_bike",492,2022
"Wed","September","casual","electric_bike",5103,2022
"Wed","September","member","classic_bike",7564,2022
"Wed","September","member","electric_bike",7812,2022
"Thu","September","casual","classic_bike",3058,2022
"Thu","September","casual","docked_bike",486,2022
"Thu","September","casual","electric_bike",5624,2022
"Thu","September","member","classic_bike",7341,2022
"Thu","September","member","electric_bike",7977,2022
"Fri","September","casual","classic_bike",3798,2022
"Fri","September","casual","docked_bike",676,2022
"Fri","September","casual","electric_bike",6803,2022
"Fri","September","member","classic_bike",6964,2022
"Fri","September","member","electric_bike",7502,2022
"Sat","September","casual","classic_bike",6342,2022
"Sat","September","casual","docked_bike",1240,2022
"Sat","September","casual","electric_bike",8438,2022
"Sat","September","member","classic_bike",6749,2022
"Sat","September","member","electric_bike",6756,2022
"Sun","October","casual","classic_bike",2852,2022
"Sun","October","casual","docked_bike",605,2022
"Sun","October","casual","electric_bike",5480,2022
"Sun","October","member","classic_bike",4454,2022
"Sun","October","member","electric_bike",5619,2022
"Mon","October","casual","classic_bike",1595,2022
"Mon","October","casual","docked_bike",330,2022
"Mon","October","casual","electric_bike",3523,2022
"Mon","October","member","classic_bike",5288,2022
"Mon","October","member","electric_bike",6370,2022
"Tue","October","casual","classic_bike",1063,2022
"Tue","October","casual","docked_bike",178,2022
"Tue","October","casual","electric_bike",2682,2022
"Tue","October","member","classic_bike",4347,2022
"Tue","October","member","electric_bike",5590,2022
"Wed","October","casual","classic_bike",1389,2022
"Wed","October","casual","docked_bike",243,2022
"Wed","October","casual","electric_bike",3516,2022
"Wed","October","member","classic_bike",5336,2022
"Wed","October","member","electric_bike",6887,2022
"Thu","October","casual","classic_bike",1464,2022
"Thu","October","casual","docked_bike",292,2022
"Thu","October","casual","electric_bike",3890,2022
"Thu","October","member","classic_bike",5172,2022
"Thu","October","member","electric_bike",7137,2022
"Fri","October","casual","classic_bike",1759,2022
"Fri","October","casual","docked_bike",419,2022
"Fri","October","casual","electric_bike",4317,2022
"Fri","October","member","classic_bike",4657,2022
"Fri","October","member","electric_bike",6599,2022
"Sat","October","casual","classic_bike",3327,2022
"Sat","October","casual","docked_bike",682,2022
"Sat","October","casual","electric_bike",6435,2022
"Sat","October","member","classic_bike",5046,2022
"Sat","October","member","electric_bike",6581,2022
"Sun","November","casual","classic_bike",1135,2022
"Sun","November","casual","docked_bike",228,2022
"Sun","November","casual","electric_bike",1761,2022
"Sun","November","member","classic_bike",2526,2022
"Sun","November","member","electric_bike",2776,2022
"Mon","November","casual","classic_bike",778,2022
"Mon","November","casual","docked_bike",128,2022
"Mon","November","casual","electric_bike",1669,2022
"Mon","November","member","classic_bike",3911,2022
"Mon","November","member","electric_bike",4165,2022
"Tue","November","casual","classic_bike",925,2022
"Tue","November","casual","docked_bike",154,2022
"Tue","November","casual","electric_bike",2083,2022
"Tue","November","member","classic_bike",4298,2022
"Tue","November","member","electric_bike",4924,2022
"Wed","November","casual","classic_bike",1086,2022
"Wed","November","casual","docked_bike",172,2022
"Wed","November","casual","electric_bike",2298,2022
"Wed","November","member","classic_bike",4416,2022
"Wed","November","member","electric_bike",5074,2022
"Thu","November","casual","classic_bike",1621,2022
"Thu","November","casual","docked_bike",271,2022
"Thu","November","casual","electric_bike",2603,2022
"Thu","November","member","classic_bike",4739,2022
"Thu","November","member","electric_bike",5042,2022
"Fri","November","casual","classic_bike",1226,2022
"Fri","November","casual","docked_bike",232,2022
"Fri","November","casual","electric_bike",2176,2022
"Fri","November","member","classic_bike",3560,2022
"Fri","November","member","electric_bike",4020,2022
"Sat","November","casual","classic_bike",990,2022
"Sat","November","casual","docked_bike",205,2022
"Sat","November","casual","electric_bike",1772,2022
"Sat","November","member","classic_bike",2258,2022
"Sat","November","member","electric_bike",2852,2022
"Sun","December","casual","classic_bike",403,2022
"Sun","December","casual","docked_bike",80,2022
"Sun","December","casual","electric_bike",852,2022
"Sun","December","member","classic_bike",1335,2022
"Sun","December","member","electric_bike",1694,2022
"Mon","December","casual","classic_bike",338,2022
"Mon","December","casual","docked_bike",39,2022
"Mon","December","casual","electric_bike",856,2022
"Mon","December","member","classic_bike",2157,2022
"Mon","December","member","electric_bike",2565,2022
"Tue","December","casual","classic_bike",381,2022
"Tue","December","casual","docked_bike",43,2022
"Tue","December","casual","electric_bike",1056,2022
"Tue","December","member","classic_bike",2451,2022
"Tue","December","member","electric_bike",3076,2022
"Wed","December","casual","classic_bike",373,2022
"Wed","December","casual","docked_bike",49,2022
"Wed","December","casual","electric_bike",998,2022
"Wed","December","member","classic_bike",2212,2022
"Wed","December","member","electric_bike",2828,2022
"Thu","December","casual","classic_bike",463,2022
"Thu","December","casual","docked_bike",67,2022
"Thu","December","casual","electric_bike",1105,2022
"Thu","December","member","classic_bike",2413,2022
"Thu","December","member","electric_bike",3006,2022
"Fri","December","casual","classic_bike",408,2022
"Fri","December","casual","docked_bike",69,2022
"Fri","December","casual","electric_bike",1194,2022
"Fri","December","member","classic_bike",1745,2022
"Fri","December","member","electric_bike",2187,2022
"Sat","December","casual","classic_bike",463,2022
"Sat","December","casual","docked_bike",81,2022
"Sat","December","casual","electric_bike",994,2022
"Sat","December","member","classic_bike",1456,2022
"Sat","December","member","electric_bike",1919,2022
"Sun","January","casual","classic_bike",464,2023
"Sun","January","casual","docked_bike",79,2023
"Sun","January","casual","electric_bike",732,2023
"Sun","January","member","classic_bike",1572,2023
"Sun","January","member","electric_bike",1626,2023
"Mon","January","casual","classic_bike",379,2023
"Mon","January","casual","docked_bike",57,2023
"Mon","January","casual","electric_bike",704,2023
"Mon","January","member","classic_bike",2332,2023
"Mon","January","member","electric_bike",2197,2023
"Tue","January","casual","classic_bike",484,2023
"Tue","January","casual","docked_bike",49,2023
"Tue","January","casual","electric_bike",848,2023
"Tue","January","member","classic_bike",3100,2023
"Tue","January","member","electric_bike",2776,2023
"Wed","January","casual","classic_bike",528,2023
"Wed","January","casual","docked_bike",52,2023
"Wed","January","casual","electric_bike",914,2023
"Wed","January","member","classic_bike",3216,2023
"Wed","January","member","electric_bike",2970,2023
"Thu","January","casual","classic_bike",406,2023
"Thu","January","casual","docked_bike",38,2023
"Thu","January","casual","electric_bike",812,2023
"Thu","January","member","classic_bike",2732,2023
"Thu","January","member","electric_bike",2929,2023
"Fri","January","casual","classic_bike",414,2023
"Fri","January","casual","docked_bike",50,2023
"Fri","January","casual","electric_bike",790,2023
"Fri","January","member","classic_bike",2512,2023
"Fri","January","member","electric_bike",2516,2023
"Sat","January","casual","classic_bike",471,2023
"Sat","January","casual","docked_bike",64,2023
"Sat","January","casual","electric_bike",719,2023
"Sat","January","member","classic_bike",1882,2023
"Sat","January","member","electric_bike",1813,2023
"Sun","February","casual","classic_bike",1028,2023
"Sun","February","casual","docked_bike",190,2023
"Sun","February","casual","electric_bike",1270,2023
"Sun","February","member","classic_bike",2602,2023
"Sun","February","member","electric_bike",2482,2023
"Mon","February","casual","classic_bike",596,2023
"Mon","February","casual","docked_bike",73,2023
"Mon","February","casual","electric_bike",1028,2023
"Mon","February","member","classic_bike",3087,2023
"Mon","February","member","electric_bike",3011,2023
"Tue","February","casual","classic_bike",554,2023
"Tue","February","casual","docked_bike",69,2023
"Tue","February","casual","electric_bike",1090,2023
"Tue","February","member","classic_bike",3622,2023
"Tue","February","member","electric_bike",3535,2023
"Wed","February","casual","classic_bike",395,2023
"Wed","February","casual","docked_bike",39,2023
"Wed","February","casual","electric_bike",710,2023
"Wed","February","member","classic_bike",2688,2023
"Wed","February","member","electric_bike",2616,2023
"Thu","February","casual","classic_bike",296,2023
"Thu","February","casual","docked_bike",28,2023
"Thu","February","casual","electric_bike",604,2023
"Thu","February","member","classic_bike",2242,2023
"Thu","February","member","electric_bike",2292,2023
"Fri","February","casual","classic_bike",370,2023
"Fri","February","casual","docked_bike",41,2023
"Fri","February","casual","electric_bike",652,2023
"Fri","February","member","classic_bike",2205,2023
"Fri","February","member","electric_bike",2123,2023
"Sat","February","casual","classic_bike",646,2023
"Sat","February","casual","docked_bike",107,2023
"Sat","February","casual","electric_bike",968,2023
"Sat","February","member","classic_bike",2141,2023
"Sat","February","member","electric_bike",2210,2023
"Sun","March","casual","classic_bike",611,2023
"Sun","March","casual","docked_bike",119,2023
"Sun","March","casual","electric_bike",1116,2023
"Sun","March","member","classic_bike",2003,2023
"Sun","March","member","electric_bike",2294,2023
"Mon","March","casual","classic_bike",488,2023
"Mon","March","casual","docked_bike",82,2023
"Mon","March","casual","electric_bike",1134,2023
"Mon","March","member","classic_bike",2850,2023
"Mon","March","member","electric_bike",3498,2023
"Tue","March","casual","classic_bike",744,2023
"Tue","March","casual","docked_bike",96,2023
"Tue","March","casual","electric_bike",1465,2023
"Tue","March","member","classic_bike",3690,2023
"Tue","March","member","electric_bike",4342,2023
"Wed","March","casual","classic_bike",731,2023
"Wed","March","casual","docked_bike",110,2023
"Wed","March","casual","electric_bike",1420,2023
"Wed","March","member","classic_bike",3629,2023
"Wed","March","member","electric_bike",4322,2023
"Thu","March","casual","classic_bike",613,2023
"Thu","March","casual","docked_bike",74,2023
"Thu","March","casual","electric_bike",1337,2023
"Thu","March","member","classic_bike",3164,2023
"Thu","March","member","electric_bike",4017,2023
"Fri","March","casual","classic_bike",553,2023
"Fri","March","casual","docked_bike",88,2023
"Fri","March","casual","electric_bike",1231,2023
"Fri","March","member","classic_bike",2440,2023
"Fri","March","member","electric_bike",3391,2023
"Sat","March","casual","classic_bike",649,2023
"Sat","March","casual","docked_bike",117,2023
"Sat","March","casual","electric_bike",1231,2023
"Sat","March","member","classic_bike",1824,2023
"Sat","March","member","electric_bike",2416,2023
"Sun","April","casual","classic_bike",1270,2023
"Sun","April","casual","docked_bike",268,2023
"Sun","April","casual","electric_bike",2215,2023
"Sun","April","member","classic_bike",2593,2023
"Sun","April","member","electric_bike",3317,2023
"Mon","April","casual","classic_bike",925,2023
"Mon","April","casual","docked_bike",174,2023
"Mon","April","casual","electric_bike",1931,2023
"Mon","April","member","classic_bike",3698,2023
"Mon","April","member","electric_bike",4782,2023
"Tue","April","casual","classic_bike",1219,2023
"Tue","April","casual","docked_bike",204,2023
"Tue","April","casual","electric_bike",2533,2023
"Tue","April","member","classic_bike",4408,2023
"Tue","April","member","electric_bike",5715,2023
"Wed","April","casual","classic_bike",1431,2023
"Wed","April","casual","docked_bike",231,2023
"Wed","April","casual","electric_bike",2930,2023
"Wed","April","member","classic_bike",4650,2023
"Wed","April","member","electric_bike",6119,2023
"Thu","April","casual","classic_bike",1887,2023
"Thu","April","casual","docked_bike",305,2023
"Thu","April","casual","electric_bike",3685,2023
"Thu","April","member","classic_bike",5242,2023
"Thu","April","member","electric_bike",6838,2023
"Fri","April","casual","classic_bike",2122,2023
"Fri","April","casual","docked_bike",392,2023
"Fri","April","casual","electric_bike",3967,2023
"Fri","April","member","classic_bike",4612,2023
"Fri","April","member","electric_bike",6284,2023
"Sat","April","casual","classic_bike",2443,2023
"Sat","April","casual","docked_bike",465,2023
"Sat","April","casual","electric_bike",3648,2023
"Sat","April","member","classic_bike",3487,2023
"Sat","April","member","electric_bike",4586,2023
"Sun","May","casual","classic_bike",4549,2023
"Sun","May","casual","docked_bike",725,2023
"Sun","May","casual","electric_bike",5257,2023
"Sun","May","member","classic_bike",5065,2023
"Sun","May","member","electric_bike",5246,2023
"Mon","May","casual","classic_bike",2345,2023
"Mon","May","casual","docked_bike",341,2023
"Mon","May","casual","electric_bike",3222,2023
"Mon","May","member","classic_bike",4743,2023
"Mon","May","member","electric_bike",5037,2023
"Tue","May","casual","classic_bike",2573,2023
"Tue","May","casual","docked_bike",331,2023
"Tue","May","casual","electric_bike",3772,2023
"Tue","May","member","classic_bike",6616,2023
"Tue","May","member","electric_bike",6920,2023
"Wed","May","casual","classic_bike",2315,2023
"Wed","May","casual","docked_bike",282,2023
"Wed","May","casual","electric_bike",3682,2023
"Wed","May","member","classic_bike",6410,2023
"Wed","May","member","electric_bike",7093,2023
"Thu","May","casual","classic_bike",2662,2023
"Thu","May","casual","docked_bike",317,2023
"Thu","May","casual","electric_bike",4088,2023
"Thu","May","member","classic_bike",6579,2023
"Thu","May","member","electric_bike",7343,2023
"Fri","May","casual","classic_bike",2654,2023
"Fri","May","casual","docked_bike",364,2023
"Fri","May","casual","electric_bike",4160,2023
"Fri","May","member","classic_bike",5296,2023
"Fri","May","member","electric_bike",6280,2023
"Sat","May","casual","classic_bike",4244,2023
"Sat","May","casual","docked_bike",674,2023
"Sat","May","casual","electric_bike",5272,2023
"Sat","May","member","classic_bike",5175,2023
"Sat","May","member","electric_bike",5656,2023
"Sun","June","casual","classic_bike",4235,2023
"Sun","June","casual","docked_bike",606,2023
"Sun","June","casual","electric_bike",5565,2023
"Sun","June","member","classic_bike",5024,2023
"Sun","June","member","electric_bike",5589,2023
"Mon","June","casual","classic_bike",2955,2023
"Mon","June","casual","docked_bike",405,2023
"Mon","June","casual","electric_bike",4707,2023
"Mon","June","member","classic_bike",6420,2023
"Mon","June","member","electric_bike",6834,2023
"Tue","June","casual","classic_bike",2176,2023
"Tue","June","casual","docked_bike",270,2023
"Tue","June","casual","electric_bike",3793,2023
"Tue","June","member","classic_bike",6017,2023
"Tue","June","member","electric_bike",6854,2023
"Wed","June","casual","classic_bike",3039,2023
"Wed","June","casual","docked_bike",366,2023
"Wed","June","casual","electric_bike",5032,2023
"Wed","June","member","classic_bike",6992,2023
"Wed","June","member","electric_bike",8280,2023
"Thu","June","casual","classic_bike",3106,2023
"Thu","June","casual","docked_bike",395,2023
"Thu","June","casual","electric_bike",5082,2023
"Thu","June","member","classic_bike",6935,2023
"Thu","June","member","electric_bike",7920,2023
"Fri","June","casual","classic_bike",4305,2023
"Fri","June","casual","docked_bike",562,2023
"Fri","June","casual","electric_bike",6418,2023
"Fri","June","member","classic_bike",6963,2023
"Fri","June","member","electric_bike",7985,2023
"Sat","June","casual","classic_bike",7480,2023
"Sat","June","casual","docked_bike",900,2023
"Sat","June","casual","electric_bike",8944,2023
"Sat","June","member","classic_bike",7413,2023
"Sat","June","member","electric_bike",7921,2023
"Sun","July","casual","classic_bike",5486,2023
"Sun","July","casual","docked_bike",747,2023
"Sun","July","casual","electric_bike",5660,2023
"Sun","July","member","classic_bike",5930,2023
"Sun","July","member","electric_bike",5543,2023
"Mon","July","casual","classic_bike",4113,2023
"Mon","July","casual","docked_bike",571,2023
"Mon","July","casual","electric_bike",5084,2023
"Mon","July","member","classic_bike",7611,2023
"Mon","July","member","electric_bike",7128,2023
"Tue","July","casual","classic_bike",4345,2023
"Tue","July","casual","docked_bike",561,2023
"Tue","July","casual","electric_bike",5403,2023
"Tue","July","member","classic_bike",7646,2023
"Tue","July","member","electric_bike",7469,2023
"Wed","July","casual","classic_bike",2748,2023
"Wed","July","casual","docked_bike",304,2023
"Wed","July","casual","electric_bike",3948,2023
"Wed","July","member","classic_bike",6624,2023
"Wed","July","member","electric_bike",6848,2023
"Thu","July","casual","classic_bike",3979,2023
"Thu","July","casual","docked_bike",499,2023
"Thu","July","casual","electric_bike",5212,2023
"Thu","July","member","classic_bike",8122,2023
"Thu","July","member","electric_bike",8219,2023
"Fri","July","casual","classic_bike",4533,2023
"Fri","July","casual","docked_bike",560,2023
"Fri","July","casual","electric_bike",6037,2023
"Fri","July","member","classic_bike",7241,2023
"Fri","July","member","electric_bike",7635,2023
"Sat","July","casual","classic_bike",6493,2023
"Sat","July","casual","docked_bike",827,2023
"Sat","July","casual","electric_bike",6788,2023
"Sat","July","member","classic_bike",6603,2023
"Sat","July","member","electric_bike",6600,2023
"Sun","August","casual","classic_bike",5874,2023
"Sun","August","casual","docked_bike",726,2023
"Sun","August","casual","electric_bike",4990,2023
"Sun","August","member","classic_bike",6700,2023
"Sun","August","member","electric_bike",5452,2023
"Mon","August","casual","classic_bike",3009,2023
"Mon","August","casual","docked_bike",339,2023
"Mon","August","casual","electric_bike",3290,2023
"Mon","August","member","classic_bike",7082,2023
"Mon","August","member","electric_bike",5743,2023
"Tue","August","casual","classic_bike",3854,2023
"Tue","August","casual","docked_bike",398,2023
"Tue","August","casual","electric_bike",4172,2023
"Tue","August","member","classic_bike",9027,2023
"Tue","August","member","electric_bike",7531,2023
"Wed","August","casual","classic_bike",4205,2023
"Wed","August","casual","docked_bike",388,2023
"Wed","August","casual","electric_bike",4568,2023
"Wed","August","member","classic_bike",8839,2023
"Wed","August","member","electric_bike",7690,2023
"Thu","August","casual","classic_bike",4178,2023
"Thu","August","casual","docked_bike",454,2023
"Thu","August","casual","electric_bike",4429,2023
"Thu","August","member","classic_bike",8202,2023
"Thu","August","member","electric_bike",7295,2023
"Fri","August","casual","classic_bike",5804,2023
"Fri","August","casual","docked_bike",643,2023
"Fri","August","casual","electric_bike",5909,2023
"Fri","August","member","classic_bike",8432,2023
"Fri","August","member","electric_bike",7537,2023
"Sat","August","casual","classic_bike",7164,2023
"Sat","August","casual","docked_bike",844,2023
"Sat","August","casual","electric_bike",5994,2023
"Sat","August","member","classic_bike",7293,2023
"Sat","August","member","electric_bike",6173,2023
"Sun","September","casual","classic_bike",6108,2023
"Sun","September","casual","electric_bike",4992,2023
"Sun","September","member","classic_bike",6136,2023
"Sun","September","member","electric_bike",5190,2023
"Mon","September","casual","classic_bike",3342,2023
"Mon","September","casual","electric_bike",3187,2023
"Mon","September","member","classic_bike",5908,2023
"Mon","September","member","electric_bike",4979,2023
"Tue","September","casual","classic_bike",2646,2023
"Tue","September","casual","electric_bike",3072,2023
"Tue","September","member","classic_bike",7170,2023
"Tue","September","member","electric_bike",6097,2023
"Wed","September","casual","classic_bike",2959,2023
"Wed","September","casual","electric_bike",3586,2023
"Wed","September","member","classic_bike",8077,2023
"Wed","September","member","electric_bike",7128,2023
"Thu","September","casual","classic_bike",3213,2023
"Thu","September","casual","electric_bike",3831,2023
"Thu","September","member","classic_bike",8094,2023
"Thu","September","member","electric_bike",7398,2023
"Fri","September","casual","classic_bike",4326,2023
"Fri","September","casual","electric_bike",4771,2023
"Fri","September","member","classic_bike",7307,2023
"Fri","September","member","electric_bike",6822,2023
"Sat","September","casual","classic_bike",7507,2023
"Sat","September","casual","electric_bike",6175,2023
"Sat","September","member","classic_bike",7413,2023
"Sat","September","member","electric_bike",6466,2023
"Sun","October","casual","classic_bike",3938,2023
"Sun","October","casual","electric_bike",3678,2023
"Sun","October","member","classic_bike",4934,2023
"Sun","October","member","electric_bike",4455,2023
"Mon","October","casual","classic_bike",2216,2023
"Mon","October","casual","electric_bike",2585,2023
"Mon","October","member","classic_bike",6326,2023
"Mon","October","member","electric_bike",5510,2023
"Tue","October","casual","classic_bike",2449,2023
"Tue","October","casual","electric_bike",2918,2023
"Tue","October","member","classic_bike",7106,2023
"Tue","October","member","electric_bike",6603,2023
"Wed","October","casual","classic_bike",2488,2023
"Wed","October","casual","electric_bike",3274,2023
"Wed","October","member","classic_bike",7104,2023
"Wed","October","member","electric_bike",6908,2023
"Thu","October","casual","classic_bike",2084,2023
"Thu","October","casual","electric_bike",2820,2023
"Thu","October","member","classic_bike",6358,2023
"Thu","October","member","electric_bike",6212,2023
"Fri","October","casual","classic_bike",2299,2023
"Fri","October","casual","electric_bike",2822,2023
"Fri","October","member","classic_bike",5337,2023
"Fri","October","member","electric_bike",5498,2023
"Sat","October","casual","classic_bike",3167,2023
"Sat","October","casual","electric_bike",3084,2023
"Sat","October","member","classic_bike",4543,2023
"Sat","October","member","electric_bike",4384,2023
"Sun","November","casual","classic_bike",1674,2023
"Sun","November","casual","electric_bike",1755,2023
"Sun","November","member","classic_bike",3357,2023
"Sun","November","member","electric_bike",3020,2023
"Mon","November","casual","classic_bike",1124,2023
"Mon","November","casual","electric_bike",1636,2023
"Mon","November","member","classic_bike",4692,2023
"Mon","November","member","electric_bike",4556,2023
"Tue","November","casual","classic_bike",1039,2023
"Tue","November","casual","electric_bike",1636,2023
"Tue","November","member","classic_bike",4871,2023
"Tue","November","member","electric_bike",4789,2023
"Wed","November","casual","classic_bike",1059,2023
"Wed","November","casual","electric_bike",1697,2023
"Wed","November","member","classic_bike",4764,2023
"Wed","November","member","electric_bike",4815,2023
"Thu","November","casual","classic_bike",1499,2023
"Thu","November","casual","electric_bike",2103,2023
"Thu","November","member","classic_bike",5123,2023
"Thu","November","member","electric_bike",5075,2023
"Fri","November","casual","classic_bike",1361,2023
"Fri","November","casual","electric_bike",1844,2023
"Fri","November","member","classic_bike",4205,2023
"Fri","November","member","electric_bike",4225,2023
"Sat","November","casual","classic_bike",2242,2023
"Sat","November","casual","electric_bike",2341,2023
"Sat","November","member","classic_bike",3919,2023
"Sat","November","member","electric_bike",3676,2023
"Sun","December","casual","classic_bike",628,2023
"Sun","December","casual","electric_bike",867,2023
"Sun","December","member","classic_bike",1786,2023
"Sun","December","member","electric_bike",1888,2023
"Mon","December","casual","classic_bike",491,2023
"Mon","December","casual","electric_bike",770,2023
"Mon","December","member","classic_bike",2714,2023
"Mon","December","member","electric_bike",2685,2023
"Tue","December","casual","classic_bike",490,2023
"Tue","December","casual","electric_bike",840,2023
"Tue","December","member","classic_bike",2826,2023
"Tue","December","member","electric_bike",3040,2023
"Wed","December","casual","classic_bike",681,2023
"Wed","December","casual","electric_bike",1064,2023
"Wed","December","member","classic_bike",3388,2023
"Wed","December","member","electric_bike",3558,2023
"Thu","December","casual","classic_bike",714,2023
"Thu","December","casual","electric_bike",1195,2023
"Thu","December","member","classic_bike",3471,2023
"Thu","December","member","electric_bike",3664,2023
"Fri","December","casual","classic_bike",725,2023
"Fri","December","casual","electric_bike",1177,2023
"Fri","December","member","classic_bike",2811,2023
"Fri","December","member","electric_bike",3054,2023
"Sat","December","casual","classic_bike",839,2023
"Sat","December","casual","electric_bike",1101,2023
"Sat","December","member","classic_bike",2308,2023
"Sat","December","member","electric_bike",2356,2023
"Sun","January","casual","classic_bike",270,2024
"Sun","January","casual","electric_bike",323,2024
"Sun","January","member","classic_bike",1282,2024
"Sun","January","member","electric_bike",977,2024
"Mon","January","casual","classic_bike",337,2024
"Mon","January","casual","electric_bike",592,2024
"Mon","January","member","classic_bike",2193,2024
"Mon","January","member","electric_bike",1763,2024
"Tue","January","casual","classic_bike",309,2024
"Tue","January","casual","electric_bike",374,2024
"Tue","January","member","classic_bike",2174,2024
"Tue","January","member","electric_bike",1611,2024
"Wed","January","casual","classic_bike",400,2024
"Wed","January","casual","electric_bike",517,2024
"Wed","January","member","classic_bike",3002,2024
"Wed","January","member","electric_bike",2302,2024
"Thu","January","casual","classic_bike",431,2024
"Thu","January","casual","electric_bike",669,2024
"Thu","January","member","classic_bike",2966,2024
"Thu","January","member","electric_bike",2705,2024
"Fri","January","casual","classic_bike",315,2024
"Fri","January","casual","electric_bike",462,2024
"Fri","January","member","classic_bike",1771,2024
"Fri","January","member","electric_bike",1668,2024
"Sat","January","casual","classic_bike",288,2024
"Sat","January","casual","electric_bike",342,2024
"Sat","January","member","classic_bike",1288,2024
"Sat","January","member","electric_bike",1139,2024
"Sun","February","casual","classic_bike",1143,2024
"Sun","February","casual","electric_bike",634,2024
"Sun","February","member","classic_bike",2770,2024
"Sun","February","member","electric_bike",1481,2024
"Mon","February","casual","classic_bike",917,2024
"Mon","February","casual","electric_bike",680,2024
"Mon","February","member","classic_bike",4134,2024
"Mon","February","member","electric_bike",2301,2024
"Tue","February","casual","classic_bike",1076,2024
"Tue","February","casual","electric_bike",822,2024
"Tue","February","member","classic_bike",4868,2024
"Tue","February","member","electric_bike",2952,2024
"Wed","February","casual","classic_bike",860,2024
"Wed","February","casual","electric_bike",753,2024
"Wed","February","member","classic_bike",4412,2024
"Wed","February","member","electric_bike",2851,2024
"Thu","February","casual","classic_bike",907,2024
"Thu","February","casual","electric_bike",707,2024
"Thu","February","member","classic_bike",4580,2024
"Thu","February","member","electric_bike",2573,2024
"Fri","February","casual","classic_bike",1000,2024
"Fri","February","casual","electric_bike",611,2024
"Fri","February","member","classic_bike",3859,2024
"Fri","February","member","electric_bike",1852,2024
"Sat","February","casual","classic_bike",823,2024
"Sat","February","casual","electric_bike",454,2024
"Sat","February","member","classic_bike",2359,2024
"Sat","February","member","electric_bike",1222,2024
"Sun","March","casual","classic_bike",1616,2024
"Sun","March","casual","electric_bike",1354,2024
"Sun","March","member","classic_bike",2713,2024
"Sun","March","member","electric_bike",2515,2024
"Mon","March","casual","classic_bike",1265,2024
"Mon","March","casual","electric_bike",1319,2024
"Mon","March","member","classic_bike",4271,2024
"Mon","March","member","electric_bike",3942,2024
"Tue","March","casual","classic_bike",1114,2024
"Tue","March","casual","electric_bike",1360,2024
"Tue","March","member","classic_bike",4347,2024
"Tue","March","member","electric_bike",4338,2024
"Wed","March","casual","classic_bike",949,2024
"Wed","March","casual","electric_bike",1305,2024
"Wed","March","member","classic_bike",4131,2024
"Wed","March","member","electric_bike",4297,2024
"Thu","March","casual","classic_bike",889,2024
"Thu","March","casual","electric_bike",1293,2024
"Thu","March","member","classic_bike",3648,2024
"Thu","March","member","electric_bike",3982,2024
"Fri","March","casual","classic_bike",876,2024
"Fri","March","casual","electric_bike",1068,2024
"Fri","March","member","classic_bike",2719,2024
"Fri","March","member","electric_bike",2986,2024
"Sat","March","casual","classic_bike",2057,2024
"Sat","March","casual","electric_bike",1944,2024
"Sat","March","member","classic_bike",3243,2024
"Sat","March","member","electric_bike",3285,2024
"Sun","April","casual","classic_bike",3184,2024
"Sun","April","casual","electric_bike",3146,2024
"Sun","April","member","classic_bike",3863,2024
"Sun","April","member","electric_bike",3966,2024
"Mon","April","casual","classic_bike",1754,2024
"Mon","April","casual","electric_bike",2233,2024
"Mon","April","member","classic_bike",4787,2024
"Mon","April","member","electric_bike",5201,2024
"Tue","April","casual","classic_bike",1574,2024
"Tue","April","casual","electric_bike",2255,2024
"Tue","April","member","classic_bike",5153,2024
"Tue","April","member","electric_bike",5891,2024
"Wed","April","casual","classic_bike",1019,2024
"Wed","April","casual","electric_bike",1790,2024
"Wed","April","member","classic_bike",4052,2024
"Wed","April","member","electric_bike",5198,2024
"Thu","April","casual","classic_bike",968,2024
"Thu","April","casual","electric_bike",1785,2024
"Thu","April","member","classic_bike",4101,2024
"Thu","April","member","electric_bike",5197,2024
"Fri","April","casual","classic_bike",1395,2024
"Fri","April","casual","electric_bike",2166,2024
"Fri","April","member","classic_bike",3777,2024
"Fri","April","member","electric_bike",4858,2024
"Sat","April","casual","classic_bike",3729,2024
"Sat","April","casual","electric_bike",4002,2024
"Sat","April","member","classic_bike",4429,2024
"Sat","April","member","electric_bike",5074,2024
"Sun","May","casual","classic_bike",4839,2024
"Sun","May","casual","electric_bike",3786,2024
"Sun","May","member","classic_bike",5012,2024
"Sun","May","member","electric_bike",4461,2024
"Mon","May","casual","classic_bike",3114,2024
"Mon","May","casual","electric_bike",2964,2024
"Mon","May","member","classic_bike",5631,2024
"Mon","May","member","electric_bike",5149,2024
"Tue","May","casual","classic_bike",2279,2024
"Tue","May","casual","electric_bike",2666,2024
"Tue","May","member","classic_bike",5989,2024
"Tue","May","member","electric_bike",5986,2024
"Wed","May","casual","classic_bike",3132,2024
"Wed","May","casual","electric_bike",3583,2024
"Wed","May","member","classic_bike",7326,2024
"Wed","May","member","electric_bike",7326,2024
"Thu","May","casual","classic_bike",2574,2024
"Thu","May","casual","electric_bike",3192,2024
"Thu","May","member","classic_bike",6028,2024
"Thu","May","member","electric_bike",6368,2024
"Fri","May","casual","classic_bike",3783,2024
"Fri","May","casual","electric_bike",4149,2024
"Fri","May","member","classic_bike",6202,2024
"Fri","May","member","electric_bike",6629,2024
"Sat","May","casual","classic_bike",7092,2024
"Sat","May","casual","electric_bike",5533,2024
"Sat","May","member","classic_bike",6467,2024
"Sat","May","member","electric_bike",6093,2024
"Sun","June","casual","classic_bike",6538,2024
"Sun","June","casual","electric_bike",6433,2024
"Sun","June","member","classic_bike",5895,2024
"Sun","June","member","electric_bike",6276,2024
"Mon","June","casual","classic_bike",3476,2024
"Mon","June","casual","electric_bike",4154,2024
"Mon","June","member","classic_bike",6588,2024
"Mon","June","member","electric_bike",6885,2024
"Tue","June","casual","classic_bike",3340,2024
"Tue","June","casual","electric_bike",4214,2024
"Tue","June","member","classic_bike",6928,2024
"Tue","June","member","electric_bike",7415,2024
"Wed","June","casual","classic_bike",4493,2024
"Wed","June","casual","electric_bike",5324,2024
"Wed","June","member","classic_bike",7598,2024
"Wed","June","member","electric_bike",8220,2024
"Thu","June","casual","classic_bike",3980,2024
"Thu","June","casual","electric_bike",4896,2024
"Thu","June","member","classic_bike",7334,2024
"Thu","June","member","electric_bike",8005,2024
"Fri","June","casual","classic_bike",4613,2024
"Fri","June","casual","electric_bike",5370,2024
"Fri","June","member","classic_bike",6438,2024
"Fri","June","member","electric_bike",7349,2024
"Sat","June","casual","classic_bike",5990,2024
"Sat","June","casual","electric_bike",6184,2024
"Sat","June","member","classic_bike",5295,2024
"Sat","June","member","electric_bike",6241,2024
"Sun","July","casual","classic_bike",5483,2024
"Sun","July","casual","electric_bike",4942,2024
"Sun","July","member","classic_bike",5062,2024
"Sun","July","member","electric_bike",5355,2024
"Mon","July","casual","classic_bike",3619,2024
"Mon","July","casual","electric_bike",3901,2024
"Mon","July","member","classic_bike",6639,2024
"Mon","July","member","electric_bike",6556,2024
"Tue","July","casual","classic_bike",3502,2024
"Tue","July","casual","electric_bike",3883,2024
"Tue","July","member","classic_bike",7090,2024
"Tue","July","member","electric_bike",7166,2024
"Wed","July","casual","classic_bike",4437,2024
"Wed","July","casual","electric_bike",4850,2024
"Wed","July","member","classic_bike",7704,2024
"Wed","July","member","electric_bike",7918,2024
"Thu","July","casual","classic_bike",4975,2024
"Thu","July","casual","electric_bike",5226,2024
"Thu","July","member","classic_bike",7088,2024
"Thu","July","member","electric_bike",7358,2024
"Fri","July","casual","classic_bike",6140,2024
"Fri","July","casual","electric_bike",6180,2024
"Fri","July","member","classic_bike",6962,2024
"Fri","July","member","electric_bike",7478,2024
"Sat","July","casual","classic_bike",8966,2024
"Sat","July","casual","electric_bike",7995,2024
"Sat","July","member","classic_bike",6726,2024
"Sat","July","member","electric_bike",7234,2024
"Sun","August","casual","classic_bike",6560,2024
"Sun","August","casual","electric_bike",6526,2024
"Sun","August","member","classic_bike",5956,2024
"Sun","August","member","electric_bike",6514,2024
"Mon","August","casual","classic_bike",3374,2024
"Mon","August","casual","electric_bike",4106,2024
"Mon","August","member","classic_bike",6418,2024
"Mon","August","member","electric_bike",7006,2024
"Tue","August","casual","classic_bike",3230,2024
"Tue","August","casual","electric_bike",4083,2024
"Tue","August","member","classic_bike",6830,2024
"Tue","August","member","electric_bike",7637,2024
"Wed","August","casual","classic_bike",3962,2024
"Wed","August","casual","electric_bike",4682,2024
"Wed","August","member","classic_bike",7656,2024
"Wed","August","member","electric_bike",8396,2024
"Thu","August","casual","classic_bike",3582,2024
"Thu","August","casual","electric_bike",4646,2024
"Thu","August","member","classic_bike",6727,2024
"Thu","August","member","electric_bike",7745,2024
"Fri","August","casual","classic_bike",4782,2024
"Fri","August","casual","electric_bike",5921,2024
"Fri","August","member","classic_bike",6346,2024
"Fri","August","member","electric_bike",7962,2024
"Sat","August","casual","classic_bike",7711,2024
"Sat","August","casual","electric_bike",7807,2024
"Sat","August","casual","electric_scooter",63,2024
"Sat","August","member","classic_bike",6263,2024
"Sat","August","member","electric_bike",7304,2024
"Sat","August","member","electric_scooter",19,2024
"Sun","September","casual","classic_bike",5145,2024
"Sun","September","casual","electric_bike",5037,2024
"Sun","September","casual","electric_scooter",2685,2024
"Sun","September","member","classic_bike",4712,2024
"Sun","September","member","electric_bike",5479,2024
"Sun","September","member","electric_scooter",1259,2024
"Mon","September","casual","classic_bike",3750,2024
"Mon","September","casual","electric_bike",4065,2024
"Mon","September","casual","electric_scooter",2495,2024
"Mon","September","member","classic_bike",6600,2024
"Mon","September","member","electric_bike",7082,2024
"Mon","September","member","electric_scooter",1817,2024
"Tue","September","casual","classic_bike",2792,2024
"Tue","September","casual","electric_bike",3487,2024
"Tue","September","casual","electric_scooter",2530,2024
"Tue","September","member","classic_bike",6861,2024
"Tue","September","member","electric_bike",7340,2024
"Tue","September","member","electric_scooter",2260,2024
"Wed","September","casual","classic_bike",3298,2024
"Wed","September","casual","electric_bike",4406,2024
"Wed","September","casual","electric_scooter",2866,2024
"Wed","September","member","classic_bike",7810,2024
"Wed","September","member","electric_bike",8797,2024
"Wed","September","member","electric_scooter",2481,2024
"Thu","September","casual","classic_bike",3426,2024
"Thu","September","casual","electric_bike",4562,2024
"Thu","September","casual","electric_scooter",2999,2024
"Thu","September","member","classic_bike",7480,2024
"Thu","September","member","electric_bike",8647,2024
"Thu","September","member","electric_scooter",2480,2024
"Fri","September","casual","classic_bike",3760,2024
"Fri","September","casual","electric_bike",5043,2024
"Fri","September","casual","electric_scooter",3059,2024
"Fri","September","member","classic_bike",6269,2024
"Fri","September","member","electric_bike",8052,2024
"Fri","September","member","electric_scooter",2024,2024
"Sat","September","casual","classic_bike",5862,2024
"Sat","September","casual","electric_bike",6203,2024
"Sat","September","casual","electric_scooter",3358,2024
"Sat","September","member","classic_bike",5766,2024
"Sat","September","member","electric_bike",6955,2024
"Sat","September","member","electric_scooter",1687,2024
"Sun","October","casual","classic_bike",4743,2024
"Sun","October","casual","electric_bike",5108,2024
"Sun","October","member","classic_bike",4769,2024
"Sun","October","member","electric_bike",5638,2024
"Mon","October","casual","classic_bike",2386,2024
"Mon","October","casual","electric_bike",2906,2024
"Mon","October","member","classic_bike",5791,2024
"Mon","October","member","electric_bike",6426,2024
"Tue","October","casual","classic_bike",2072,2024
"Tue","October","casual","electric_bike",2869,2024
"Tue","October","member","classic_bike",6229,2024
"Tue","October","member","electric_bike",7118,2024
"Wed","October","casual","classic_bike",2299,2024
"Wed","October","casual","electric_bike",3215,2024
"Wed","October","member","classic_bike",6754,2024
"Wed","October","member","electric_bike",7851,2024
"Thu","October","casual","classic_bike",2407,2024
"Thu","October","casual","electric_bike",3469,2024
"Thu","October","member","classic_bike",6167,2024
"Thu","October","member","electric_bike",7734,2024
"Fri","October","casual","classic_bike",3628,2024
"Fri","October","casual","electric_bike",4255,2024
"Fri","October","member","classic_bike",5832,2024
"Fri","October","member","electric_bike",7397,2024
"Sat","October","casual","classic_bike",5306,2024
"Sat","October","casual","electric_bike",5367,2024
"Sat","October","member","classic_bike",5290,2024
"Sat","October","member","electric_bike",6501,2024
"Sun","November","casual","classic_bike",1990,2024
"Sun","November","casual","electric_bike",2268,2024
"Sun","November","member","classic_bike",3211,2024
"Sun","November","member","electric_bike",3832,2024
"Mon","November","casual","classic_bike",1036,2024
"Mon","November","casual","electric_bike",1644,2024
"Mon","November","member","classic_bike",4022,2024
"Mon","November","member","electric_bike",4854,2024
"Tue","November","casual","classic_bike",999,2024
"Tue","November","casual","electric_bike",1622,2024
"Tue","November","member","classic_bike",4307,2024
"Tue","November","member","electric_bike",5137,2024
"Wed","November","casual","classic_bike",918,2024
"Wed","November","casual","electric_bike",1578,2024
"Wed","November","member","classic_bike",4037,2024
"Wed","November","member","electric_bike",4905,2024
"Thu","November","casual","classic_bike",856,2024
"Thu","November","casual","electric_bike",1359,2024
"Thu","November","member","classic_bike",3289,2024
"Thu","November","member","electric_bike",4004,2024
"Fri","November","casual","classic_bike",1382,2024
"Fri","November","casual","electric_bike",1945,2024
"Fri","November","member","classic_bike",3749,2024
"Fri","November","member","electric_bike",4714,2024
"Sat","November","casual","classic_bike",1789,2024
"Sat","November","casual","electric_bike",2081,2024
"Sat","November","member","classic_bike",2971,2024
"Sat","November","member","electric_bike",3684,2024
"Sun","December","casual","classic_bike",477,2024
"Sun","December","casual","electric_bike",750,2024
"Sun","December","member","classic_bike",1395,2024
"Sun","December","member","electric_bike",1886,2024
"Mon","December","casual","classic_bike",497,2024
"Mon","December","casual","electric_bike",922,2024
"Mon","December","member","classic_bike",2381,2024
"Mon","December","member","electric_bike",3165,2024
"Tue","December","casual","classic_bike",370,2024
"Tue","December","casual","electric_bike",778,2024
"Tue","December","member","classic_bike",2114,2024
"Tue","December","member","electric_bike",3034,2024
"Wed","December","casual","classic_bike",349,2024
"Wed","December","casual","electric_bike",747,2024
"Wed","December","member","classic_bike",2053,2024
"Wed","December","member","electric_bike",2946,2024
"Thu","December","casual","classic_bike",336,2024
"Thu","December","casual","electric_bike",770,2024
"Thu","December","member","classic_bike",1775,2024
"Thu","December","member","electric_bike",2686,2024
"Fri","December","casual","classic_bike",341,2024
"Fri","December","casual","electric_bike",744,2024
"Fri","December","member","classic_bike",1594,2024
"Fri","December","member","electric_bike",2642,2024
"Sat","December","casual","classic_bike",579,2024
"Sat","December","casual","electric_bike",982,2024
"Sat","December","member","classic_bike",1559,2024
"Sat","December","member","electric_bike",2272,2024
